tower_id,police,fire_station,hospital,weighted_population,unweighted_population,score
004-RKCH,1,2,0,7096.498950393572,13370.23,14.096498950393572
004-RWGR,0,2,0,7367.383978578069,11512.220000000001,11.367383978578069
004-RTAI,0,0,0,1133.31586705525,5980.639999999999,1.1333158670552501
